timestamp,site_id,consumption_mw,voltage_v,frequency_hz,status
2025-01-03T22:00:00,SITE_IND_002,1.201,225.8,50.2,OK
2025-01-03T10:00:00,SITE_COM_002,-888,234.8,49.83,ERROR
2025-01-03T10:00:00,SITE_IND_001,3.123,232.8,50.02,OK
2025-01-03T02:00:00,SITE_COM_001,0.547,237.0,49.9,OK
2025-01-03T06:00:00,SITE_COM_001,0.506,229.5,49.93,OK
2025-01-03T01:00:00,SITE_COM_002,0.385,229.5,50.2,OK
03/01/2025 05:00:00,SITE_COM_001,0.496,221.1,50.14,OK
2025-01-03T04:00:00,SITE_RES_002,0.235,232.3,50.12,OK
2025-01-03T17:00:00,SITE_COM_001,1.399,232.8,49.92,OK
2025-01-03T11:00:00,SITE_IND_001,2.748,230.2,50.06,OK
2025-01-03 16:00:00,SITE_RES_001,0.341,221.9,49.92,OK
03/01/2025 17:00:00,SITE_IND_001,2.889,229.7,50.08,OK
2025-01-03T20:00:00,SITE_RES_002,0.384,226.7,50.1,OK
2025-01-03T00:00:00,SITE_IND_001,1.799,233.2,50.02,OK
2025-01-03T19:00:00,SITE_RES_001,,229.3,50.09,ERROR
03/01/2025 14:00:00,SITE_RES_001,0.331,235.4,49.99,OK
2025-01-03T14:00:00,SITE_RES_002,0.224,224.8,49.88,OK
2025-01-03T17:00:00,SITE_IND_002,2.251,232.7,50.04,OK
2025-01-03 01:00:00,SITE_COM_001,0.505,244.5,50.14,OK
2025-01-03 23:00:00,SITE_RES_002,0.251,233.1,49.98,OK
2025-01-03T08:00:00,SITE_IND_001,3.022,233.8,49.98,OK
03/01/2025 22:00:00,SITE_RES_001,,231.1,50.12,ERROR
03/01/2025 20:00:00,SITE_IND_001,3.037,229.6,50.16,OK
2025-01-03 19:00:00,SITE_COM_002,0.953,227.3,49.96,OK
03/01/2025 21:00:00,SITE_RES_002,0.417,230.8,49.95,OK
03/01/2025 15:00:00,SITE_COM_001,1.189,216.1,50.11,OK
2025-01-03 13:00:00,SITE_RES_002,0.243,231.2,50.18,OK
2025-01-03T21:00:00,SITE_COM_001,0.461,227.0,49.97,OK
2025-01-03 13:00:00,SITE_RES_001,0.304,232.6,49.89,OK
2025-01-03T18:00:00,SITE_IND_001,3.226,227.7,50.16,OK
03/01/2025 11:00:00,SITE_COM_002,1.031,236.3,50.15,OK
2025-01-03T00:00:00,SITE_RES_001,0.314,229.4,50.06,OK
2025-01-03 23:00:00,SITE_RES_001,-999,227.4,49.78,ERROR
2025-01-03T15:00:00,SITE_RES_001,-999,225.2,49.88,ERROR
03/01/2025 04:00:00,SITE_IND_002,1.225,233.8,50.24,OK
2025-01-03T14:00:00,SITE_COM_002,,236.9,49.76,ERROR
2025-01-03T09:00:00,SITE_IND_002,2.259,231.6,49.98,OK
2025-01-03T14:00:00,SITE_IND_001,2.803,229.7,49.93,OK
03/01/2025 09:00:00,SITE_COM_002,0.882,229.7,49.89,OK
2025-01-03T02:00:00,SITE_IND_002,1.168,228.8,49.95,OK
2025-01-03T05:00:00,SITE_COM_002,0.397,235.5,49.8,OK
2025-01-03T09:00:00,SITE_COM_001,1.211,231.6,49.99,OK
2025-01-03 08:00:00,SITE_RES_002,0.41,225.2,50.14,OK
2025-01-03T17:00:00,SITE_RES_001,0.318,229.8,50.09,OK
2025-01-03T19:00:00,SITE_IND_001,3.249,227.0,50.02,OK
2025-01-03T03:00:00,SITE_COM_001,0.499,230.9,50.12,OK
2025-01-03T03:00:00,SITE_RES_002,-999,233.6,50.02,ERROR
2025-01-03T09:00:00,SITE_IND_001,3.198,224.1,49.84,OK
03/01/2025 11:00:00,SITE_COM_002,1.031,236.3,50.15,OK
03/01/2025 16:00:00,SITE_COM_001,1.189,230.7,50.09,OK
2025-01-03T18:00:00,SITE_RES_002,0.359,231.1,49.77,OK
03/01/2025 07:00:00,SITE_COM_002,0.368,228.3,49.95,OK
2025-01-03T11:00:00,SITE_COM_001,1.401,230.1,50.16,OK
03/01/2025 07:00:00,SITE_IND_002,1.89,229.6,50.02,OK
2025-01-03T01:00:00,SITE_IND_002,1.105,228.9,49.82,OK
2025-01-03 07:00:00,SITE_IND_001,3.208,224.2,49.87,OK
2025-01-03 04:00:00,SITE_COM_001,0.488,233.1,49.99,OK
2025-01-03 07:00:00,SITE_IND_001,3.208,224.2,49.87,OK
2025-01-03T06:00:00,SITE_IND_002,2.21,223.3,49.95,OK
2025-01-03 07:00:00,SITE_COM_001,0.547,225.6,49.93,OK
2025-01-03 00:00:00,SITE_COM_002,0.369,229.9,50.01,OK
2025-01-03T03:00:00,SITE_IND_001,1.584,231.8,50.16,OK
2025-01-03T04:00:00,SITE_RES_002,0.235,232.3,50.12,OK
2025-01-03T02:00:00,SITE_RES_001,0.307,229.9,50.0,OK
2025-01-03T19:00:00,SITE_IND_002,2.089,231.6,49.79,OK
2025-01-03T09:00:00,SITE_RES_002,0.228,230.7,50.01,OK
2025-01-03 06:00:00,SITE_RES_001,0.329,226.2,50.19,OK
2025-01-03T02:00:00,SITE_RES_002,0.242,227.8,49.95,OK
2025-01-03T03:00:00,SITE_RES_001,0.316,224.9,49.92,OK
03/01/2025 08:00:00,SITE_COM_002,1.046,237.2,49.97,OK
2025-01-03T13:00:00,SITE_IND_001,2.86,235.3,49.93,OK
2025-01-03T07:00:00,SITE_RES_002,0.355,228.0,50.06,OK
03/01/2025 06:00:00,SITE_COM_002,0.356,235.6,50.13,OK
2025-01-03T13:00:00,SITE_COM_002,1.033,230.1,50.03,OK
2025-01-03T20:00:00,SITE_RES_001,0.524,231.9,50.07,OK
2025-01-03T06:00:00,SITE_IND_001,3.274,229.1,50.05,OK
2025-01-03T05:00:00,SITE_IND_001,1.857,228.8,49.9,OK
2025-01-03T21:00:00,SITE_COM_002,0.393,228.2,49.9,OK
2025-01-03T16:00:00,SITE_IND_001,3.206,230.5,49.91,OK
2025-01-03T05:00:00,SITE_RES_001,0.339,230.8,50.04,OK
2025-01-03T01:00:00,SITE_IND_001,1.833,226.2,49.77,OK
2025-01-03T14:00:00,SITE_IND_002,2.074,228.0,49.99,OK
2025-01-03T22:00:00,SITE_IND_001,-777,231.8,50.02,ERROR
2025-01-03T22:00:00,SITE_IND_002,1.201,225.8,50.2,OK
2025-01-03T12:00:00,SITE_RES_001,0.299,234.7,49.96,OK
2025-01-03T13:00:00,SITE_IND_002,1.974,225.1,50.36,OK
03/01/2025 04:00:00,SITE_RES_001,0.316,231.0,50.13,OK
2025-01-03T12:00:00,SITE_IND_001,3.081,227.5,50.09,OK
2025-01-03 12:00:00,SITE_IND_002,2.068,231.2,50.15,OK
03/01/2025 04:00:00,SITE_COM_002,0.349,232.4,50.07,OK
2025-01-03 00:00:00,SITE_RES_002,0.234,233.7,50.0,OK
2025-01-03 10:00:00,SITE_RES_002,0.264,226.6,50.14,OK
2025-01-03T10:00:00,SITE_RES_001,0.32,230.2,50.18,OK
03/01/2025 11:00:00,SITE_IND_002,2.09,227.0,49.97,OK
2025-01-03T16:00:00,SITE_RES_002,0.231,225.6,49.73,OK
2025-01-03 22:00:00,SITE_COM_002,0.387,228.3,50.09,OK
2025-01-03T03:00:00,SITE_IND_002,1.214,237.8,49.93,OK
2025-01-03T09:00:00,SITE_RES_001,0.315,228.2,49.94,OK
2025-01-03T11:00:00,SITE_RES_002,0.247,230.3,49.71,OK
2025-01-03T16:00:00,SITE_COM_002,1.061,237.9,50.21,OK
2025-01-03T01:00:00,SITE_RES_001,,226.2,49.77,ERROR
2025-01-03T20:00:00,SITE_COM_001,-888,232.0,49.98,ERROR
2025-01-03T21:00:00,SITE_RES_001,0.541,233.8,50.05,OK
2025-01-03T11:00:00,SITE_RES_001,0.336,230.2,49.94,OK
03/01/2025 16:00:00,SITE_IND_002,1.92,228.0,49.94,OK
03/01/2025 00:00:00,SITE_IND_002,1.347,219.5,49.94,OK
2025-01-03 20:00:00,SITE_COM_002,0.338,234.4,49.93,OK
2025-01-03T15:00:00,SITE_IND_001,3.294,226.7,49.88,OK
2025-01-03T05:00:00,SITE_IND_002,1.176,226.5,49.87,OK
2025-01-03T08:00:00,SITE_IND_002,2.259,231.7,49.91,OK
2025-01-03T06:00:00,SITE_RES_002,0.217,228.7,49.95,OK
2025-01-03T10:00:00,SITE_IND_002,1.919,230.5,49.8,OK
2025-01-03T10:00:00,SITE_COM_001,1.325,228.7,49.92,OK
2025-01-03T17:00:00,SITE_COM_002,1.065,229.8,50.06,OK
2025-01-03T21:00:00,SITE_IND_002,1.281,224.7,49.69,OK
2025-01-03T18:00:00,SITE_IND_002,1.98,236.3,50.21,OK
2025-01-03T15:00:00,SITE_RES_002,0.255,231.9,49.99,OK
2025-01-03T23:00:00,SITE_COM_002,0.391,228.9,50.1,OK
2025-01-03T06:00:00,SITE_COM_001,0.506,229.5,49.93,OK
2025-01-03T20:00:00,SITE_IND_002,1.931,226.2,50.05,OK
2025-01-03T19:00:00,SITE_COM_001,1.34,237.4,50.01,OK
2025-01-03T06:00:00,SITE_RES_002,0.217,228.7,49.95,OK
03/01/2025 12:00:00,SITE_COM_001,1.279,225.8,49.93,OK
2025-01-03T23:00:00,SITE_IND_002,1.149,226.0,50.04,OK
03/01/2025 02:00:00,SITE_COM_002,0.37,231.6,50.0,OK
2025-01-03T12:00:00,SITE_COM_002,0.921,231.8,49.88,OK
2025-01-03T15:00:00,SITE_IND_002,2.032,227.5,49.95,OK
2025-01-03 14:00:00,SITE_COM_001,-888,228.9,50.1,ERROR
2025-01-03T07:00:00,SITE_RES_001,0.538,230.4,50.08,OK
03/01/2025 08:00:00,SITE_COM_001,1.185,225.9,49.93,OK
2025-01-03T03:00:00,SITE_COM_002,0.405,222.7,49.94,OK
2025-01-03T23:00:00,SITE_IND_001,1.852,228.7,50.02,OK
2025-01-03T04:00:00,SITE_IND_001,1.652,223.8,49.88,OK
2025-01-03T18:00:00,SITE_RES_001,0.548,224.4,49.98,OK
2025-01-03T17:00:00,SITE_RES_002,-999,235.4,50.08,ERROR
2025-01-03 01:00:00,SITE_RES_002,0.257,234.0,49.96,OK
2025-01-03T19:00:00,SITE_RES_002,0.36,237.0,49.98,OK
2025-01-03T05:00:00,SITE_RES_002,0.246,233.9,50.02,OK
2025-01-03T08:00:00,SITE_RES_001,0.493,222.3,50.04,OK
2025-01-03T13:00:00,SITE_COM_001,1.223,229.4,49.91,OK
2025-01-03T21:00:00,SITE_IND_001,1.715,232.7,50.41,OK
03/01/2025 00:00:00,SITE_COM_001,0.475,233.8,49.94,OK
2025-01-03T12:00:00,SITE_RES_002,0.217,231.2,50.05,OK
2025-01-03T02:00:00,SITE_IND_001,1.723,232.8,50.02,OK
2025-01-03T22:00:00,SITE_RES_002,0.247,233.0,49.83,OK
2025-01-03T22:00:00,SITE_COM_001,0.522,231.6,50.16,OK
2025-01-03T23:00:00,SITE_COM_001,-777,236.4,49.87,ERROR
2025-01-03T15:00:00,SITE_COM_002,1.003,220.9,50.2,OK
03/01/2025 18:00:00,SITE_COM_001,1.387,228.4,49.84,OK
2025-01-03T18:00:00,SITE_COM_002,1.02,227.9,50.15,OK
